Formatted ID,Name,Schedule State,Plan Estimate,Owner,Developer,Notes, 
US00001,Story 00001,Idea,3,Owner 1,Dev 1,Lorem ipsum blah blah blah,
US00002,Story 00002,Defined,5,Owner 2,Dev 2,Lorem ipsum blah blah blah,
US00003,Story 00003,In-Progress,8,Owner 3,Dev 3,Lorem ipsum blah blah blah,
US00004,Story 00004,Completed,13,Owner 4,Dev 4,Lorem ipsum blah blah blah,
US00005,Story 00005,Idea,3,Owner 1,Dev 1,Lorem ipsum blah blah blah,
US00006,Story 00006,Defined,5,Owner 2,Dev 2,Lorem ipsum blah blah blah,
US00007,Story 00007,In-Progress,8,Owner 3,Dev 3,Lorem ipsum blah blah blah,
US00008,Story 00008,Completed,13,Owner 4,Dev 4,Lorem ipsum blah blah blah,
US00009,Story 00009,Idea,3,Owner 1,Dev 1,Lorem ipsum blah blah blah,
US00010,Story 00010,Defined,5,Owner 2,Dev 2,Lorem ipsum blah blah blah,
US00011,Story 00011,In-Progress,8,Owner 3,Dev 3,Lorem ipsum blah blah blah,
US00012,Story 00012,Completed,13,Owner 4,Dev 4,Lorem ipsum blah blah blah,
US00013,Story 00013,Idea,3,Owner 1,Dev 1,Lorem ipsum blah blah blah,
US00014,Story 00014,Defined,5,Owner 2,Dev 2,Lorem ipsum blah blah blah,
US00015,Story 00015,In-Progress,8,Owner 3,Dev 3,Lorem ipsum blah blah blah,
US00016,Story 00016,Completed,13,Owner 4,Dev 4,Lorem ipsum blah blah blah,
US00017,Story 00017,Idea,3,Owner 1,Dev 1,Lorem ipsum blah blah blah,
US00018,Story 00018,Defined,5,Owner 2,Dev 2,Lorem ipsum blah blah blah,
US00019,Story 00019,In-Progress,8,Owner 3,Dev 3,Lorem ipsum blah blah blah,
US00020,Story 00020,Completed,13,Owner 4,Dev 4,Lorem ipsum blah blah blah,
US00021,Story 00021,Idea,3,Owner 1,Dev 1,Lorem ipsum blah blah blah,
US00022,Story 00022,Defined,5,Owner 2,Dev 2,Lorem ipsum blah blah blah,
US00023,Story 00023,In-Progress,8,Owner 3,Dev 3,Lorem ipsum blah blah blah,
US00024,Story 00024,Completed,13,Owner 4,Dev 4,Lorem ipsum blah blah blah,
US00025,Story 00025,Idea,3,Owner 1,Dev 1,Lorem ipsum blah blah blah,
US00026,Story 00026,Defined,5,Owner 2,Dev 2,Lorem ipsum blah blah blah,
US00027,Story 00027,In-Progress,8,Owner 3,Dev 3,Lorem ipsum blah blah blah,
US00028,Story 00028,Completed,13,Owner 4,Dev 4,Lorem ipsum blah blah blah,
US00029,Story 00029,Idea,3,Owner 1,Dev 1,Lorem ipsum blah blah blah,
US00030,Story 00030,Defined,5,Owner 2,Dev 2,Lorem ipsum blah blah blah,
US00031,Story 00031,In-Progress,8,Owner 3,Dev 3,Lorem ipsum blah blah blah,
US00032,Story 00032,Completed,13,Owner 4,Dev 4,Lorem ipsum blah blah blah,
US00033,Story 00033,Idea,3,Owner 1,Dev 1,Lorem ipsum blah blah blah,
US00034,Story 00034,Defined,5,Owner 2,Dev 2,Lorem ipsum blah blah blah,
US00035,Story 00035,In-Progress,8,Owner 3,Dev 3,Lorem ipsum blah blah blah,
US00036,Story 00036,Completed,13,Owner 4,Dev 4,Lorem ipsum blah blah blah,
US00037,Story 00037,Idea,3,Owner 1,Dev 1,Lorem ipsum blah blah blah,
US00038,Story 00038,Defined,5,Owner 2,Dev 2,Lorem ipsum blah blah blah,
US00039,Story 00039,In-Progress,8,Owner 3,Dev 3,Lorem ipsum blah blah blah,
US00040,Story 00040,Defined,13,Owner 2,Dev 4,Lorem ipsum blah blah blah,
